Bitcoin breaks above $50k as spot ETFs see strong inflows,2024-02-13 01:47:02,
"Bitcoin Briefly Tops $50,000",2024-02-12 17:23:03,
Greenidge secures $6 million investment for expansion,2024-02-12 15:15:12,
Prepare for a Bitcoin FOMO rally to record highs - Bernstein,2024-02-12 12:24:02,
Bitcoin surges in biggest weekly rally in four months,2024-02-09 17:15:43,
"Crypto stocks leap as Bitcoin crosses $47,000",2024-02-09 13:14:02,
Cardano Climbs 10% As Investors Gain Confidence,2024-02-08 08:06:57,
"TradeStation to pay $3 million to settle charges from SEC, states over unregistered crypto product",2024-02-08 02:00:51,
Crypto ransom attack payments hit record $1 billion in 2023 - Chainalysis,2024-02-07 21:22:20,
Self-proclaimed bitcoin inventor denies forging documents to support claim,2024-02-06 18:55:51,
